height;k_shape;A_scale
160m;2.3095719235379355;11.731042227441009
